[
  {
    "Country": "Afghanistan",
    "MARKETING_INR": 6.306,
    "MARKETING_USD": 0.0876,
    "AUTHENTICATION_INR": 3.657,
    "AUTHENTICATION_USD": 0.0508,
    "UTILITY_INR": 1.35243,
    "UTILITY_USD": 0.0188,
    "SERVICE_INR": 0.0,
    "SERVICE_USD": 0.0
  },
  {
    "Country": "Albania",
    "MARKETING_INR": 7.402,
    "MARKETING_USD": 0.1028,
    "AUTHENTICATION_INR": 4.795,
    "AUTHENTICATION_USD": 0.06661,
    "UTILITY_INR": 3.03832,
    "UTILITY_USD": 0.04219,
    "SERVICE_INR": 0.0,
    "SERVICE_USD": 0.0
  },
  {
    "Country": "Algeria",
    "MARKETING_INR": 1.938,
    "MARKETING_USD": 0.0269,
    "AUTHENTICATION_INR": 1.24101,
    "AUTHENTICATION_USD": 0.0172,
    "UTILITY_INR": 0.52547,
    "UTILITY_USD": 0.00729,
    "SERVICE_INR": 0.0,
    "SERVICE_USD": 0.0
  },
  {
    "Country": "Angola",
    "MARKETING_INR": 1.938,
    "MARKETING_USD": 0.0269,
    "AUTHENTICATION_INR": 1.24101,
    "AUTHENTICATION_USD": 0.0172,
    "UTILITY_INR": 0.52547,
    "UTILITY_USD": 0.00729,
    "SERVICE_INR": 0.0,
    "SERVICE_USD": 0.0
  },
  {
    "Country": "Argentina",
    "MARKETING_INR": 5.322,
    "MARKETING_USD": 0.0739,
    "AUTHENTICATION_INR": 3.159,
    "AUTHENTICATION_USD": 0.0439,
    "UTILITY_INR": 2.92787,
    "UTILITY_USD": 0.04063,
    "SERVICE_INR": 0.0,
    "SERVICE_USD": 0.0
  },
  {
    "Country": "Armenia",
    "MARKETING_INR": 7.402,
    "MARKETING_USD": 0.1028,
    "AUTHENTICATION_INR": 4.795,
    "AUTHENTICATION_USD": 0.06661,
    "UTILITY_INR": 3.03832,
    "UTILITY_USD": 0.04219,
    "SERVICE_INR": 0.0,
    "SERVICE_USD": 0.0
  },
  {
    "Country": "Australia",
    "MARKETING_INR": 6.306,
    "MARKETING_USD": 0.0876,
    "AUTHENTICATION_INR": 3.657,
    "AUTHENTICATION_USD": 0.0508,
    "UTILITY_INR": 1.35243,
    "UTILITY_USD": 0.0188,
    "SERVICE_INR": 0.0,
    "SERVICE_USD": 0.0
  },
  {
    "Country": "Austria",
    "MARKETING_INR": 5.097,
    "MARKETING_USD": 0.0708,
    "AUTHENTICATION_INR": 3.254,
    "AUTHENTICATION_USD": 0.0452,
    "UTILITY_INR": 2.58289,
    "UTILITY_USD": 0.03585,
    "SERVICE_INR": 0.0,
    "SERVICE_USD": 0.0
  },
  {
    "Country": "Azerbaijan",
    "MARKETING_INR": 7.402,
    "MARKETING_USD": 0.1028,
    "AUTHENTICATION_INR": 4.795,
    "AUTHENTICATION_USD": 0.06661,
    "UTILITY_INR": 3.03832,
    "UTILITY_USD": 0.04219,
    "SERVICE_INR": 0.0,
    "SERVICE_USD": 0.0
  },
  {
    "Country": "Bahrain",
    "MARKETING_INR": 2.937,
    "MARKETING_USD": 0.0408,
    "AUTHENTICATION_INR": 1.531,
    "AUTHENTICATION_USD": 0.0213,
    "UTILITY_INR": 1.35208,
    "UTILITY_USD": 0.01877,
    "SERVICE_INR": 0.0,
    "SERVICE_USD": 0.0
  },
  {
    "Country": "Bangladesh",
    "MARKETING_INR": 6.306,
    "MARKETING_USD": 0.0876,
    "AUTHENTICATION_INR": 3.657,
    "AUTHENTICATION_USD": 0.0508,
    "UTILITY_INR": 1.35243,
    "UTILITY_USD": 0.0188,
    "SERVICE_INR": 0.0,
    "SERVICE_USD": 0.0
  },
  {
    "Country": "Belarus",
    "MARKETING_INR": 7.402,
    "MARKETING_USD": 0.1028,
    "AUTHENTICATION_INR": 4.795,
    "AUTHENTICATION_USD": 0.06661,
    "UTILITY_INR": 3.03832,
    "UTILITY_USD": 0.04219,
    "SERVICE_INR": 0.0,
    "SERVICE_USD": 0.0
  },
  {
    "Country": "Belgium",
    "MARKETING_INR": 5.097,
    "MARKETING_USD": 0.0708,
    "AUTHENTICATION_INR": 3.254,
    "AUTHENTICATION_USD": 0.0452,
    "UTILITY_INR": 2.58289,
    "UTILITY_USD": 0.03585,
    "SERVICE_INR": 0.0,
    "SERVICE_USD": 0.0
  },
  {
    "Country": "Benin",
    "MARKETING_INR": 1.938,
    "MARKETING_USD": 0.0269,
    "AUTHENTICATION_INR": 1.24101,
    "AUTHENTICATION_USD": 0.0172,
    "UTILITY_INR": 0.52547,
    "UTILITY_USD": 0.00729,
    "SERVICE_INR": 0.0,
    "SERVICE_USD": 0.0
  },
  {
    "Country": "Bolivia",
    "MARKETING_INR": 6.369,
    "MARKETING_USD": 0.0885,
    "AUTHENTICATION_INR": 3.828,
    "AUTHENTICATION_USD": 0.0532,
    "UTILITY_INR": 0.97267,
    "UTILITY_USD": 0.01351,
    "SERVICE_INR": 0.0,
    "SERVICE_USD": 0.0
  },
  {
    "Country": "Botswana",
    "MARKETING_INR": 1.938,
    "MARKETING_USD": 0.0269,
    "AUTHENTICATION_INR": 1.24101,
    "AUTHENTICATION_USD": 0.0172,
    "UTILITY_INR": 0.52547,
    "UTILITY_USD": 0.00729,
    "SERVICE_INR": 0.0,
    "SERVICE_USD": 0.0
  },
  {
    "Country": "Brazil",
    "MARKETING_INR": 5.382,
    "MARKETING_USD": 0.0748,
    "AUTHENTICATION_INR": 2.713,
    "AUTHENTICATION_USD": 0.0377,
    "UTILITY_INR": 0.68891,
    "UTILITY_USD": 0.00957,
    "SERVICE_INR": 0.0,
    "SERVICE_USD": 0.0
  },
  {
    "Country": "Bulgaria",
    "MARKETING_INR": 7.402,
    "MARKETING_USD": 0.1028,
    "AUTHENTICATION_INR": 4.795,
    "AUTHENTICATION_USD": 0.06661,
    "UTILITY_INR": 3.03832,
    "UTILITY_USD": 0.04219,
    "SERVICE_INR": 0.0,
    "SERVICE_USD": 0.0
  },
  {
    "Country": "Burkina Faso",
    "MARKETING_INR": 1.938,
    "MARKETING_USD": 0.0269,
    "AUTHENTICATION_INR": 1.24101,
    "AUTHENTICATION_USD": 0.0172,
    "UTILITY_INR": 0.52547,
    "UTILITY_USD": 0.00729,
    "SERVICE_INR": 0.0,
    "SERVICE_USD": 0.0
  },
  {
    "Country": "Burundi",
    "MARKETING_INR": 1.938,
    "MARKETING_USD": 0.0269,
    "AUTHENTICATION_INR": 1.24101,
    "AUTHENTICATION_USD": 0.0172,
    "UTILITY_INR": 0.52547,
    "UTILITY_USD": 0.00729,
    "SERVICE_INR": 0.0,
    "SERVICE_USD": 0.0
  },
  {
    "Country": "Cambodia",
    "MARKETING_INR": 6.306,
    "MARKETING_USD": 0.0876,
    "AUTHENTICATION_INR": 3.657,
    "AUTHENTICATION_USD": 0.0508,
    "UTILITY_INR": 1.35243,
    "UTILITY_USD": 0.0188,
    "SERVICE_INR": 0.0,
    "SERVICE_USD": 0.0
  },
  {
    "Country": "Canada",
    "MARKETING_INR": 2.152,
    "MARKETING_USD": 0.0299,
    "AUTHENTICATION_INR": 1.162,
    "AUTHENTICATION_USD": 0.0161,
    "UTILITY_INR": 0.34428,
    "UTILITY_USD": 0.00479,
    "SERVICE_INR": 0.0,
    "SERVICE_USD": 0.0
  },
  {
    "Country": "Cameroon",
    "MARKETING_INR": 1.938,
    "MARKETING_USD": 0.0269,
    "AUTHENTICATION_INR": 1.24101,
    "AUTHENTICATION_USD": 0.0172,
    "UTILITY_INR": 0.52547,
    "UTILITY_USD": 0.00729,
    "SERVICE_INR": 0.0,
    "SERVICE_USD": 0.0
  },
  {
    "Country": "Chad",
    "MARKETING_INR": 1.938,
    "MARKETING_USD": 0.0269,
    "AUTHENTICATION_INR": 1.24101,
    "AUTHENTICATION_USD": 0.0172,
    "UTILITY_INR": 0.52547,
    "UTILITY_USD": 0.00729,
    "SERVICE_INR": 0.0,
    "SERVICE_USD": 0.0
  },
  {
    "Country": "Chile",
    "MARKETING_INR": 7.653,
    "MARKETING_USD": 0.1063,
    "AUTHENTICATION_INR": 4.54,
    "AUTHENTICATION_USD": 0.0631,
    "UTILITY_INR": 1.72185,
    "UTILITY_USD": 0.02392,
    "SERVICE_INR": 0.0,
    "SERVICE_USD": 0.0
  },
  {
    "Country": "China",
    "MARKETING_INR": 6.306,
    "MARKETING_USD": 0.0876,
    "AUTHENTICATION_INR": 3.657,
    "AUTHENTICATION_USD": 0.0508,
    "UTILITY_INR": 1.35243,
    "UTILITY_USD": 0.0188,
    "SERVICE_INR": 0.0,
    "SERVICE_USD": 0.0
  },
  {
    "Country": "Colombia",
    "MARKETING_INR": 1.076,
    "MARKETING_USD": 0.015,
    "AUTHENTICATION_INR": 0.659,
    "AUTHENTICATION_USD": 0.0092,
    "UTILITY_INR": 0.01728,
    "UTILITY_USD": 0.00024,
    "SERVICE_INR": 0.0,
    "SERVICE_USD": 0.0
  },
  {
    "Country": "Republic of the Congo (Brazzaville)",
    "MARKETING_INR": 1.938,
    "MARKETING_USD": 0.0269,
    "AUTHENTICATION_INR": 2.61901,
    "AUTHENTICATION_USD": 0.0364,
    "UTILITY_INR": 0.66282,
    "UTILITY_USD": 0.00921,
    "SERVICE_INR": 0.0,
    "SERVICE_USD": 0.0
  },
  {
    "Country": "Costa Rica",
    "MARKETING_INR": 6.369,
    "MARKETING_USD": 0.0885,
    "AUTHENTICATION_INR": 3.828,
    "AUTHENTICATION_USD": 0.0532,
    "UTILITY_INR": 0.97267,
    "UTILITY_USD": 0.01351,
    "SERVICE_INR": 0.0,
    "SERVICE_USD": 0.0
  },
  {
    "Country": "Croatia",
    "MARKETING_INR": 7.402,
    "MARKETING_USD": 0.1028,
    "AUTHENTICATION_INR": 4.795,
    "AUTHENTICATION_USD": 0.06661,
    "UTILITY_INR": 3.03832,
    "UTILITY_USD": 0.04219,
    "SERVICE_INR": 0.0,
    "SERVICE_USD": 0.0
  },
  {
    "Country": "Czech Republic",
    "MARKETING_INR": 7.402,
    "MARKETING_USD": 0.1028,
    "AUTHENTICATION_INR": 4.795,
    "AUTHENTICATION_USD": 0.06661,
    "UTILITY_INR": 3.03832,
    "UTILITY_USD": 0.04219,
    "SERVICE_INR": 0.0,
    "SERVICE_USD": 0.0
  },
  {
    "Country": "Denmark",
    "MARKETING_INR": 5.097,
    "MARKETING_USD": 0.0708,
    "AUTHENTICATION_INR": 3.254,
    "AUTHENTICATION_USD": 0.0452,
    "UTILITY_INR": 2.58289,
    "UTILITY_USD": 0.03585,
    "SERVICE_INR": 0.0,
    "SERVICE_USD": 0.0
  },
  {
    "Country": "Venezuela",
    "MARKETING_INR": 6.369,
    "MARKETING_USD": 0.0885,
    "AUTHENTICATION_INR": 2.61901,
    "AUTHENTICATION_USD": 0.0364,
    "UTILITY_INR": 0.66282,
    "UTILITY_USD": 0.00921,
    "SERVICE_INR": 0.0,
    "SERVICE_USD": 0.0
  },
  {
    "Country": "Ecuador",
    "MARKETING_INR": 6.369,
    "MARKETING_USD": 0.0885,
    "AUTHENTICATION_INR": 3.828,
    "AUTHENTICATION_USD": 0.0532,
    "UTILITY_INR": 0.97267,
    "UTILITY_USD": 0.01351,
    "SERVICE_INR": 0.0,
    "SERVICE_USD": 0.0
  },
  {
    "Country": "Egypt",
    "MARKETING_INR": 9.241,
    "MARKETING_USD": 0.1284,
    "AUTHENTICATION_INR": 5.325,
    "AUTHENTICATION_USD": 0.074,
    "UTILITY_INR": 0.44791,
    "UTILITY_USD": 0.00622,
    "SERVICE_INR": 0.0,
    "SERVICE_USD": 0.0
  },
  {
    "Country": "El Salvador",
    "MARKETING_INR": 6.369,
    "MARKETING_USD": 0.0885,
    "AUTHENTICATION_INR": 3.828,
    "AUTHENTICATION_USD": 0.0532,
    "UTILITY_INR": 0.97267,
    "UTILITY_USD": 0.01351,
    "SERVICE_INR": 0.0,
    "SERVICE_USD": 0.0
  },
  {
    "Country": "Eritrea",
    "MARKETING_INR": 1.938,
    "MARKETING_USD": 0.0269,
    "AUTHENTICATION_INR": 1.24101,
    "AUTHENTICATION_USD": 0.0172,
    "UTILITY_INR": 0.52547,
    "UTILITY_USD": 0.00729,
    "SERVICE_INR": 0.0,
    "SERVICE_USD": 0.0
  },
  {
    "Country": "Ethiopia",
    "MARKETING_INR": 1.938,
    "MARKETING_USD": 0.0269,
    "AUTHENTICATION_INR": 1.24101,
    "AUTHENTICATION_USD": 0.0172,
    "UTILITY_INR": 0.52547,
    "UTILITY_USD": 0.00729,
    "SERVICE_INR": 0.0,
    "SERVICE_USD": 0.0
  },
  {
    "Country": "Finland",
    "MARKETING_INR": 5.097,
    "MARKETING_USD": 0.0708,
    "AUTHENTICATION_INR": 3.254,
    "AUTHENTICATION_USD": 0.0452,
    "UTILITY_INR": 2.58289,
    "UTILITY_USD": 0.03585,
    "SERVICE_INR": 0.0,
    "SERVICE_USD": 0.0
  },
  {
    "Country": "France",
    "MARKETING_INR": 12.336,
    "MARKETING_USD": 0.1713,
    "AUTHENTICATION_INR": 5.954,
    "AUTHENTICATION_USD": 0.0827,
    "UTILITY_INR": 2.5843,
    "UTILITY_USD": 0.03588,
    "SERVICE_INR": 0.0,
    "SERVICE_USD": 0.0
  },
  {
    "Country": "Gabon",
    "MARKETING_INR": 1.938,
    "MARKETING_USD": 0.0269,
    "AUTHENTICATION_INR": 1.24101,
    "AUTHENTICATION_USD": 0.0172,
    "UTILITY_INR": 0.52547,
    "UTILITY_USD": 0.00729,
    "SERVICE_INR": 0.0,
    "SERVICE_USD": 0.0
  },
  {
    "Country": "Gambia",
    "MARKETING_INR": 1.938,
    "MARKETING_USD": 0.0269,
    "AUTHENTICATION_INR": 1.24101,
    "AUTHENTICATION_USD": 0.0172,
    "UTILITY_INR": 0.52547,
    "UTILITY_USD": 0.00729,
    "SERVICE_INR": 0.0,
    "SERVICE_USD": 0.0
  },
  {
    "Country": "Georgia",
    "MARKETING_INR": 7.402,
    "MARKETING_USD": 0.1028,
    "AUTHENTICATION_INR": 4.795,
    "AUTHENTICATION_USD": 0.06661,
    "UTILITY_INR": 3.03832,
    "UTILITY_USD": 0.04219,
    "SERVICE_INR": 0.0,
    "SERVICE_USD": 0.0
  },
  {
    "Country": "Germany",
    "MARKETING_INR": 11.759,
    "MARKETING_USD": 0.1633,
    "AUTHENTICATION_INR": 6.616,
    "AUTHENTICATION_USD": 0.0919,
    "UTILITY_INR": 4.73784,
    "UTILITY_USD": 0.06584,
    "SERVICE_INR": 0.0,
    "SERVICE_USD": 0.0
  },
  {
    "Country": "Ghana",
    "MARKETING_INR": 1.938,
    "MARKETING_USD": 0.0269,
    "AUTHENTICATION_INR": 1.24101,
    "AUTHENTICATION_USD": 0.0172,
    "UTILITY_INR": 0.52547,
    "UTILITY_USD": 0.00729,
    "SERVICE_INR": 0.0,
    "SERVICE_USD": 0.0
  },
  {
    "Country": "Greece",
    "MARKETING_INR": 7.402,
    "MARKETING_USD": 0.1028,
    "AUTHENTICATION_INR": 4.795,
    "AUTHENTICATION_USD": 0.06661,
    "UTILITY_INR": 3.03832,
    "UTILITY_USD": 0.04219,
    "SERVICE_INR": 0.0,
    "SERVICE_USD": 0.0
  },
  {
    "Country": "Guatemala",
    "MARKETING_INR": 6.369,
    "MARKETING_USD": 0.0885,
    "AUTHENTICATION_INR": 3.828,
    "AUTHENTICATION_USD": 0.0532,
    "UTILITY_INR": 0.97267,
    "UTILITY_USD": 0.01351,
    "SERVICE_INR": 0.0,
    "SERVICE_USD": 0.0
  },
  {
    "Country": "Guinea-Bissau",
    "MARKETING_INR": 1.938,
    "MARKETING_USD": 0.0269,
    "AUTHENTICATION_INR": 1.24101,
    "AUTHENTICATION_USD": 0.0172,
    "UTILITY_INR": 0.52547,
    "UTILITY_USD": 0.00729,
    "SERVICE_INR": 0.0,
    "SERVICE_USD": 0.0
  },
  {
    "Country": "Haiti",
    "MARKETING_INR": 6.369,
    "MARKETING_USD": 0.0885,
    "AUTHENTICATION_INR": 3.828,
    "AUTHENTICATION_USD": 0.0532,
    "UTILITY_INR": 0.97267,
    "UTILITY_USD": 0.01351,
    "SERVICE_INR": 0.0,
    "SERVICE_USD": 0.0
  },
  {
    "Country": "Honduras",
    "MARKETING_INR": 6.369,
    "MARKETING_USD": 0.0885,
    "AUTHENTICATION_INR": 3.828,
    "AUTHENTICATION_USD": 0.0532,
    "UTILITY_INR": 0.97267,
    "UTILITY_USD": 0.01351,
    "SERVICE_INR": 0.0,
    "SERVICE_USD": 0.0
  },
  {
    "Country": "Hong Kong",
    "MARKETING_INR": 6.306,
    "MARKETING_USD": 0.0876,
    "AUTHENTICATION_INR": 3.657,
    "AUTHENTICATION_USD": 0.0508,
    "UTILITY_INR": 1.35243,
    "UTILITY_USD": 0.0188,
    "SERVICE_INR": 0.0,
    "SERVICE_USD": 0.0
  },
  {
    "Country": "Hungary",
    "MARKETING_INR": 7.402,
    "MARKETING_USD": 0.1028,
    "AUTHENTICATION_INR": 4.795,
    "AUTHENTICATION_USD": 0.06661,
    "UTILITY_INR": 3.03832,
    "UTILITY_USD": 0.04219,
    "SERVICE_INR": 0.0,
    "SERVICE_USD": 0.0
  },
  {
    "Country": "India",
    "MARKETING_INR": 0.88,
    "MARKETING_USD": 0.01279,
    "AUTHENTICATION_INR": 0.125,
    "AUTHENTICATION_USD": 0.00168,
    "UTILITY_INR": 0.125,
    "UTILITY_USD": 0.00168,
    "SERVICE_INR": 0.0,
    "SERVICE_USD": 0.0
  },
  {
    "Country": "Indonesia",
    "MARKETING_INR": 3.538,
    "MARKETING_USD": 0.0491,
    "AUTHENTICATION_INR": 2.58254,
    "AUTHENTICATION_USD": 0.03585,
    "UTILITY_INR": 1.72173,
    "UTILITY_USD": 0.0239,
    "SERVICE_INR": 0.0,
    "SERVICE_USD": 0.0
  },
  {
    "Country": "Iraq",
    "MARKETING_INR": 2.937,
    "MARKETING_USD": 0.0408,
    "AUTHENTICATION_INR": 1.531,
    "AUTHENTICATION_USD": 0.0213,
    "UTILITY_INR": 1.35208,
    "UTILITY_USD": 0.01877,
    "SERVICE_INR": 0.0,
    "SERVICE_USD": 0.0
  },
  {
    "Country": "Ireland",
    "MARKETING_INR": 5.097,
    "MARKETING_USD": 0.0708,
    "AUTHENTICATION_INR": 3.254,
    "AUTHENTICATION_USD": 0.0452,
    "UTILITY_INR": 2.58289,
    "UTILITY_USD": 0.03585,
    "SERVICE_INR": 0.0,
    "SERVICE_USD": 0.0
  },
  {
    "Country": "Israel",
    "MARKETING_INR": 3.04,
    "MARKETING_USD": 0.0422,
    "AUTHENTICATION_INR": 1.453,
    "AUTHENTICATION_USD": 0.0202,
    "UTILITY_INR": 0.45649,
    "UTILITY_USD": 0.00634,
    "SERVICE_INR": 0.0,
    "SERVICE_USD": 0.0
  },
  {
    "Country": "Italy",
    "MARKETING_INR": 5.947,
    "MARKETING_USD": 0.0826,
    "AUTHENTICATION_INR": 3.253,
    "AUTHENTICATION_USD": 0.0452,
    "UTILITY_INR": 2.58195,
    "UTILITY_USD": 0.03585,
    "SERVICE_INR": 0.0,
    "SERVICE_USD": 0.0
  },
  {
    "Country": "Japan",
    "MARKETING_INR": 6.306,
    "MARKETING_USD": 0.0876,
    "AUTHENTICATION_INR": 3.657,
    "AUTHENTICATION_USD": 0.0508,
    "UTILITY_INR": 1.35243,
    "UTILITY_USD": 0.0188,
    "SERVICE_INR": 0.0,
    "SERVICE_USD": 0.0
  },
  {
    "Country": "Jordan",
    "MARKETING_INR": 2.937,
    "MARKETING_USD": 0.0408,
    "AUTHENTICATION_INR": 1.531,
    "AUTHENTICATION_USD": 0.0213,
    "UTILITY_INR": 1.35208,
    "UTILITY_USD": 0.01877,
    "SERVICE_INR": 0.0,
    "SERVICE_USD": 0.0
  },
  {
    "Country": "Kenya",
    "MARKETING_INR": 1.938,
    "MARKETING_USD": 0.0269,
    "AUTHENTICATION_INR": 1.24101,
    "AUTHENTICATION_USD": 0.0172,
    "UTILITY_INR": 0.52547,
    "UTILITY_USD": 0.00729,
    "SERVICE_INR": 0.0,
    "SERVICE_USD": 0.0
  },
  {
    "Country": "Kuwait",
    "MARKETING_INR": 2.937,
    "MARKETING_USD": 0.0408,
    "AUTHENTICATION_INR": 1.531,
    "AUTHENTICATION_USD": 0.0213,
    "UTILITY_INR": 1.35208,
    "UTILITY_USD": 0.01877,
    "SERVICE_INR": 0.0,
    "SERVICE_USD": 0.0
  },
  {
    "Country": "Laos",
    "MARKETING_INR": 6.306,
    "MARKETING_USD": 0.0876,
    "AUTHENTICATION_INR": 3.657,
    "AUTHENTICATION_USD": 0.0508,
    "UTILITY_INR": 1.35243,
    "UTILITY_USD": 0.0188,
    "SERVICE_INR": 0.0,
    "SERVICE_USD": 0.0
  },
  {
    "Country": "Latvia",
    "MARKETING_INR": 7.402,
    "MARKETING_USD": 0.1028,
    "AUTHENTICATION_INR": 4.795,
    "AUTHENTICATION_USD": 0.06661,
    "UTILITY_INR": 3.03832,
    "UTILITY_USD": 0.04219,
    "SERVICE_INR": 0.0,
    "SERVICE_USD": 0.0
  },
  {
    "Country": "Lebanon",
    "MARKETING_INR": 2.937,
    "MARKETING_USD": 0.0408,
    "AUTHENTICATION_INR": 1.531,
    "AUTHENTICATION_USD": 0.0213,
    "UTILITY_INR": 1.35208,
    "UTILITY_USD": 0.01877,
    "SERVICE_INR": 0.0,
    "SERVICE_USD": 0.0
  },
  {
    "Country": "Lesotho",
    "MARKETING_INR": 1.938,
    "MARKETING_USD": 0.0269,
    "AUTHENTICATION_INR": 1.24101,
    "AUTHENTICATION_USD": 0.0172,
    "UTILITY_INR": 0.52547,
    "UTILITY_USD": 0.00729,
    "SERVICE_INR": 0.0,
    "SERVICE_USD": 0.0
  },
  {
    "Country": "Liberia",
    "MARKETING_INR": 1.938,
    "MARKETING_USD": 0.0269,
    "AUTHENTICATION_INR": 1.24101,
    "AUTHENTICATION_USD": 0.0172,
    "UTILITY_INR": 0.52547,
    "UTILITY_USD": 0.00729,
    "SERVICE_INR": 0.0,
    "SERVICE_USD": 0.0
  },
  {
    "Country": "Libya",
    "MARKETING_INR": 1.938,
    "MARKETING_USD": 0.0269,
    "AUTHENTICATION_INR": 1.24101,
    "AUTHENTICATION_USD": 0.0172,
    "UTILITY_INR": 0.52547,
    "UTILITY_USD": 0.00729,
    "SERVICE_INR": 0.0,
    "SERVICE_USD": 0.0
  },
  {
    "Country": "Lithuania",
    "MARKETING_INR": 7.402,
    "MARKETING_USD": 0.1028,
    "AUTHENTICATION_INR": 4.795,
    "AUTHENTICATION_USD": 0.06661,
    "UTILITY_INR": 3.03832,
    "UTILITY_USD": 0.04219,
    "SERVICE_INR": 0.0,
    "SERVICE_USD": 0.0
  },
  {
    "Country": "Madagascar",
    "MARKETING_INR": 1.938,
    "MARKETING_USD": 0.0269,
    "AUTHENTICATION_INR": 1.24101,
    "AUTHENTICATION_USD": 0.0172,
    "UTILITY_INR": 0.52547,
    "UTILITY_USD": 0.00729,
    "SERVICE_INR": 0.0,
    "SERVICE_USD": 0.0
  },
  {
    "Country": "Malawi",
    "MARKETING_INR": 1.938,
    "MARKETING_USD": 0.0269,
    "AUTHENTICATION_INR": 1.24101,
    "AUTHENTICATION_USD": 0.0172,
    "UTILITY_INR": 0.52547,
    "UTILITY_USD": 0.00729,
    "SERVICE_INR": 0.0,
    "SERVICE_USD": 0.0
  },
  {
    "Country": "Malaysia",
    "MARKETING_INR": 7.407,
    "MARKETING_USD": 0.1029,
    "AUTHENTICATION_INR": 1.55,
    "AUTHENTICATION_USD": 0.0215,
    "UTILITY_INR": 1.20579,
    "UTILITY_USD": 0.01673,
    "SERVICE_INR": 0.0,
    "SERVICE_USD": 0.0
  },
  {
    "Country": "Mali",
    "MARKETING_INR": 1.938,
    "MARKETING_USD": 0.0269,
    "AUTHENTICATION_INR": 1.24101,
    "AUTHENTICATION_USD": 0.0172,
    "UTILITY_INR": 0.52547,
    "UTILITY_USD": 0.00729,
    "SERVICE_INR": 0.0,
    "SERVICE_USD": 0.0
  },
  {
    "Country": "Mauritania",
    "MARKETING_INR": 1.938,
    "MARKETING_USD": 0.0269,
    "AUTHENTICATION_INR": 1.24101,
    "AUTHENTICATION_USD": 0.0172,
    "UTILITY_INR": 0.52547,
    "UTILITY_USD": 0.00729,
    "SERVICE_INR": 0.0,
    "SERVICE_USD": 0.0
  },
  {
    "Country": "Mexico",
    "MARKETING_INR": 3.753,
    "MARKETING_USD": 0.0521,
    "AUTHENTICATION_INR": 2.061,
    "AUTHENTICATION_USD": 0.0286,
    "UTILITY_INR": 0.86069,
    "UTILITY_USD": 0.01195,
    "SERVICE_INR": 0.0,
    "SERVICE_USD": 0.0
  },
  {
    "Country": "Moldova",
    "MARKETING_INR": 7.402,
    "MARKETING_USD": 0.1028,
    "AUTHENTICATION_INR": 4.795,
    "AUTHENTICATION_USD": 0.06661,
    "UTILITY_INR": 3.03832,
    "UTILITY_USD": 0.04219,
    "SERVICE_INR": 0.0,
    "SERVICE_USD": 0.0
  },
  {
    "Country": "Mongolia",
    "MARKETING_INR": 6.306,
    "MARKETING_USD": 0.0876,
    "AUTHENTICATION_INR": 3.657,
    "AUTHENTICATION_USD": 0.0508,
    "UTILITY_INR": 1.35243,
    "UTILITY_USD": 0.0188,
    "SERVICE_INR": 0.0,
    "SERVICE_USD": 0.0
  },
  {
    "Country": "Morocco",
    "MARKETING_INR": 1.938,
    "MARKETING_USD": 0.0269,
    "AUTHENTICATION_INR": 1.24101,
    "AUTHENTICATION_USD": 0.0172,
    "UTILITY_INR": 0.52547,
    "UTILITY_USD": 0.00729,
    "SERVICE_INR": 0.0,
    "SERVICE_USD": 0.0
  },
  {
    "Country": "Mozambique",
    "MARKETING_INR": 1.938,
    "MARKETING_USD": 0.0269,
    "AUTHENTICATION_INR": 1.24101,
    "AUTHENTICATION_USD": 0.0172,
    "UTILITY_INR": 0.52547,
    "UTILITY_USD": 0.00729,
    "SERVICE_INR": 0.0,
    "SERVICE_USD": 0.0
  },
  {
    "Country": "Namibia",
    "MARKETING_INR": 1.938,
    "MARKETING_USD": 0.0269,
    "AUTHENTICATION_INR": 1.24101,
    "AUTHENTICATION_USD": 0.0172,
    "UTILITY_INR": 0.52547,
    "UTILITY_USD": 0.00729,
    "SERVICE_INR": 0.0,
    "SERVICE_USD": 0.0
  },
  {
    "Country": "Nepal",
    "MARKETING_INR": 6.306,
    "MARKETING_USD": 0.0876,
    "AUTHENTICATION_INR": 3.657,
    "AUTHENTICATION_USD": 0.0508,
    "UTILITY_INR": 1.35243,
    "UTILITY_USD": 0.0188,
    "SERVICE_INR": 0.0,
    "SERVICE_USD": 0.0
  },
  {
    "Country": "Netherlands",
    "MARKETING_INR": 13.757,
    "MARKETING_USD": 0.1911,
    "AUTHENTICATION_INR": 6.202,
    "AUTHENTICATION_USD": 0.0861,
    "UTILITY_INR": 4.30708,
    "UTILITY_USD": 0.0598,
    "SERVICE_INR": 0.0,
    "SERVICE_USD": 0.0
  },
  {
    "Country": "New Zealand",
    "MARKETING_INR": 6.306,
    "MARKETING_USD": 0.0876,
    "AUTHENTICATION_INR": 3.657,
    "AUTHENTICATION_USD": 0.0508,
    "UTILITY_INR": 1.35243,
    "UTILITY_USD": 0.0188,
    "SERVICE_INR": 0.0,
    "SERVICE_USD": 0.0
  },
  {
    "Country": "Nicaragua",
    "MARKETING_INR": 6.369,
    "MARKETING_USD": 0.0885,
    "AUTHENTICATION_INR": 3.828,
    "AUTHENTICATION_USD": 0.0532,
    "UTILITY_INR": 0.97267,
    "UTILITY_USD": 0.01351,
    "SERVICE_INR": 0.0,
    "SERVICE_USD": 0.0
  },
  {
    "Country": "Niger",
    "MARKETING_INR": 1.938,
    "MARKETING_USD": 0.0269,
    "AUTHENTICATION_INR": 1.24101,
    "AUTHENTICATION_USD": 0.0172,
    "UTILITY_INR": 0.52547,
    "UTILITY_USD": 0.00729,
    "SERVICE_INR": 0.0,
    "SERVICE_USD": 0.0
  },
  {
    "Country": "Nigeria",
    "MARKETING_INR": 4.447,
    "MARKETING_USD": 0.0618,
    "AUTHENTICATION_INR": 2.475,
    "AUTHENTICATION_USD": 0.0344,
    "UTILITY_INR": 0.57752,
    "UTILITY_USD": 0.00802,
    "SERVICE_INR": 0.0,
    "SERVICE_USD": 0.0
  },
  {
    "Country": "Norway",
    "MARKETING_INR": 5.097,
    "MARKETING_USD": 0.0708,
    "AUTHENTICATION_INR": 3.254,
    "AUTHENTICATION_USD": 0.0452,
    "UTILITY_INR": 2.58289,
    "UTILITY_USD": 0.03585,
    "SERVICE_INR": 0.0,
    "SERVICE_USD": 0.0
  },
  {
    "Country": "Oman",
    "MARKETING_INR": 2.937,
    "MARKETING_USD": 0.0408,
    "AUTHENTICATION_INR": 1.531,
    "AUTHENTICATION_USD": 0.0213,
    "UTILITY_INR": 1.35208,
    "UTILITY_USD": 0.01877,
    "SERVICE_INR": 0.0,
    "SERVICE_USD": 0.0
  },
  {
    "Country": "Pakistan",
    "MARKETING_INR": 4.075,
    "MARKETING_USD": 0.0566,
    "AUTHENTICATION_INR": 1.962,
    "AUTHENTICATION_USD": 0.0272,
    "UTILITY_INR": 0.4653,
    "UTILITY_USD": 0.00646,
    "SERVICE_INR": 0.0,
    "SERVICE_USD": 0.0
  },
  {
    "Country": "Panama",
    "MARKETING_INR": 6.369,
    "MARKETING_USD": 0.0885,
    "AUTHENTICATION_INR": 3.828,
    "AUTHENTICATION_USD": 0.0532,
    "UTILITY_INR": 0.97267,
    "UTILITY_USD": 0.01351,
    "SERVICE_INR": 0.0,
    "SERVICE_USD": 0.0
  },
  {
    "Country": "Papua New Guinea",
    "MARKETING_INR": 6.306,
    "MARKETING_USD": 0.0876,
    "AUTHENTICATION_INR": 3.657,
    "AUTHENTICATION_USD": 0.0508,
    "UTILITY_INR": 1.35243,
    "UTILITY_USD": 0.0188,
    "SERVICE_INR": 0.0,
    "SERVICE_USD": 0.0
  },
  {
    "Country": "Paraguay",
    "MARKETING_INR": 6.369,
    "MARKETING_USD": 0.0885,
    "AUTHENTICATION_INR": 3.828,
    "AUTHENTICATION_USD": 0.0532,
    "UTILITY_INR": 0.97267,
    "UTILITY_USD": 0.01351,
    "SERVICE_INR": 0.0,
    "SERVICE_USD": 0.0
  },
  {
    "Country": "Peru",
    "MARKETING_INR": 6.055,
    "MARKETING_USD": 0.0841,
    "AUTHENTICATION_INR": 3.246,
    "AUTHENTICATION_USD": 0.0451,
    "UTILITY_INR": 1.72279,
    "UTILITY_USD": 0.02392,
    "SERVICE_INR": 0.0,
    "SERVICE_USD": 0.0
  },
  {
    "Country": "Philippines",
    "MARKETING_INR": 6.306,
    "MARKETING_USD": 0.0876,
    "AUTHENTICATION_INR": 3.657,
    "AUTHENTICATION_USD": 0.0508,
    "UTILITY_INR": 1.35243,
    "UTILITY_USD": 0.0188,
    "SERVICE_INR": 0.0,
    "SERVICE_USD": 0.0
  },
  {
    "Country": "Poland",
    "MARKETING_INR": 7.402,
    "MARKETING_USD": 0.1028,
    "AUTHENTICATION_INR": 4.795,
    "AUTHENTICATION_USD": 0.06661,
    "UTILITY_INR": 3.03832,
    "UTILITY_USD": 0.04219,
    "SERVICE_INR": 0.0,
    "SERVICE_USD": 0.0
  },
  {
    "Country": "Portugal",
    "MARKETING_INR": 5.097,
    "MARKETING_USD": 0.0708,
    "AUTHENTICATION_INR": 3.254,
    "AUTHENTICATION_USD": 0.0452,
    "UTILITY_INR": 2.58289,
    "UTILITY_USD": 0.03585,
    "SERVICE_INR": 0.0,
    "SERVICE_USD": 0.0
  },
  {
    "Country": "Puerto Rico",
    "MARKETING_INR": 6.369,
    "MARKETING_USD": 0.0885,
    "AUTHENTICATION_INR": 3.828,
    "AUTHENTICATION_USD": 0.0532,
    "UTILITY_INR": 0.97267,
    "UTILITY_USD": 0.01351,
    "SERVICE_INR": 0.0,
    "SERVICE_USD": 0.0
  },
  {
    "Country": "Qatar",
    "MARKETING_INR": 2.937,
    "MARKETING_USD": 0.0408,
    "AUTHENTICATION_INR": 1.531,
    "AUTHENTICATION_USD": 0.0213,
    "UTILITY_INR": 1.35208,
    "UTILITY_USD": 0.01877,
    "SERVICE_INR": 0.0,
    "SERVICE_USD": 0.0
  },
  {
    "Country": "Romania",
    "MARKETING_INR": 7.402,
    "MARKETING_USD": 0.1028,
    "AUTHENTICATION_INR": 4.795,
    "AUTHENTICATION_USD": 0.06661,
    "UTILITY_INR": 3.03832,
    "UTILITY_USD": 0.04219,
    "SERVICE_INR": 0.0,
    "SERVICE_USD": 0.0
  },
  {
    "Country": "Russia",
    "MARKETING_INR": 6.905,
    "MARKETING_USD": 0.0959,
    "AUTHENTICATION_INR": 3.696,
    "AUTHENTICATION_USD": 0.0513,
    "UTILITY_INR": 3.44405,
    "UTILITY_USD": 0.0478,
    "SERVICE_INR": 0.0,
    "SERVICE_USD": 0.0
  },
  {
    "Country": "Rwanda",
    "MARKETING_INR": 1.938,
    "MARKETING_USD": 0.0269,
    "AUTHENTICATION_INR": 1.24101,
    "AUTHENTICATION_USD": 0.0172,
    "UTILITY_INR": 0.52547,
    "UTILITY_USD": 0.00729,
    "SERVICE_INR": 0.0,
    "SERVICE_USD": 0.0
  },
  {
    "Country": "Saudi Arabia",
    "MARKETING_INR": 3.91181,
    "MARKETING_USD": 0.05437,
    "AUTHENTICATION_INR": 1.948,
    "AUTHENTICATION_USD": 0.0271,
    "UTILITY_INR": 0.98935,
    "UTILITY_USD": 0.01375,
    "SERVICE_INR": 0.0,
    "SERVICE_USD": 0.0
  },
  {
    "Country": "Senegal",
    "MARKETING_INR": 1.938,
    "MARKETING_USD": 0.0269,
    "AUTHENTICATION_INR": 1.24101,
    "AUTHENTICATION_USD": 0.0172,
    "UTILITY_INR": 0.52547,
    "UTILITY_USD": 0.00729,
    "SERVICE_INR": 0.0,
    "SERVICE_USD": 0.0
  },
  {
    "Country": "Serbia",
    "MARKETING_INR": 7.402,
    "MARKETING_USD": 0.1028,
    "AUTHENTICATION_INR": 4.795,
    "AUTHENTICATION_USD": 0.06661,
    "UTILITY_INR": 3.03832,
    "UTILITY_USD": 0.04219,
    "SERVICE_INR": 0.0,
    "SERVICE_USD": 0.0
  },
  {
    "Country": "Sierra Leone",
    "MARKETING_INR": 1.938,
    "MARKETING_USD": 0.0269,
    "AUTHENTICATION_INR": 1.24101,
    "AUTHENTICATION_USD": 0.0172,
    "UTILITY_INR": 0.52547,
    "UTILITY_USD": 0.00729,
    "SERVICE_INR": 0.0,
    "SERVICE_USD": 0.0
  },
  {
    "Country": "Singapore",
    "MARKETING_INR": 6.306,
    "MARKETING_USD": 0.0876,
    "AUTHENTICATION_INR": 3.657,
    "AUTHENTICATION_USD": 0.0508,
    "UTILITY_INR": 1.35243,
    "UTILITY_USD": 0.0188,
    "SERVICE_INR": 0.0,
    "SERVICE_USD": 0.0
  },
  {
    "Country": "Slovakia",
    "MARKETING_INR": 7.402,
    "MARKETING_USD": 0.1028,
    "AUTHENTICATION_INR": 4.795,
    "AUTHENTICATION_USD": 0.06661,
    "UTILITY_INR": 3.03832,
    "UTILITY_USD": 0.04219,
    "SERVICE_INR": 0.0,
    "SERVICE_USD": 0.0
  },
  {
    "Country": "Slovenia",
    "MARKETING_INR": 7.402,
    "MARKETING_USD": 0.1028,
    "AUTHENTICATION_INR": 4.795,
    "AUTHENTICATION_USD": 0.06661,
    "UTILITY_INR": 3.03832,
    "UTILITY_USD": 0.04219,
    "SERVICE_INR": 0.0,
    "SERVICE_USD": 0.0
  },
  {
    "Country": "Somalia",
    "MARKETING_INR": 1.938,
    "MARKETING_USD": 0.0269,
    "AUTHENTICATION_INR": 1.24101,
    "AUTHENTICATION_USD": 0.0172,
    "UTILITY_INR": 0.52547,
    "UTILITY_USD": 0.00729,
    "SERVICE_INR": 0.0,
    "SERVICE_USD": 0.0
  },
  {
    "Country": "South Africa",
    "MARKETING_INR": 3.269,
    "MARKETING_USD": 0.0454,
    "AUTHENTICATION_INR": 1.553,
    "AUTHENTICATION_USD": 0.0216,
    "UTILITY_INR": 0.65554,
    "UTILITY_USD": 0.00911,
    "SERVICE_INR": 0.0,
    "SERVICE_USD": 0.0
  },
  {
    "Country": "South Sudan",
    "MARKETING_INR": 1.938,
    "MARKETING_USD": 0.0269,
    "AUTHENTICATION_INR": 1.24101,
    "AUTHENTICATION_USD": 0.0172,
    "UTILITY_INR": 0.52547,
    "UTILITY_USD": 0.00729,
    "SERVICE_INR": 0.0,
    "SERVICE_USD": 0.0
  },
  {
    "Country": "Spain",
    "MARKETING_INR": 5.293,
    "MARKETING_USD": 0.0735,
    "AUTHENTICATION_INR": 2.943,
    "AUTHENTICATION_USD": 0.0409,
    "UTILITY_INR": 1.72114,
    "UTILITY_USD": 0.0239,
    "SERVICE_INR": 0.0,
    "SERVICE_USD": 0.0
  },
  {
    "Country": "Sri Lanka",
    "MARKETING_INR": 6.306,
    "MARKETING_USD": 0.0876,
    "AUTHENTICATION_INR": 3.657,
    "AUTHENTICATION_USD": 0.0508,
    "UTILITY_INR": 1.35243,
    "UTILITY_USD": 0.0188,
    "SERVICE_INR": 0.0,
    "SERVICE_USD": 0.0
  },
  {
    "Country": "Sudan",
    "MARKETING_INR": 1.938,
    "MARKETING_USD": 0.0269,
    "AUTHENTICATION_INR": 1.24101,
    "AUTHENTICATION_USD": 0.0172,
    "UTILITY_INR": 0.52547,
    "UTILITY_USD": 0.00729,
    "SERVICE_INR": 0.0,
    "SERVICE_USD": 0.0
  },
  {
    "Country": "Sweden",
    "MARKETING_INR": 5.097,
    "MARKETING_USD": 0.0708,
    "AUTHENTICATION_INR": 3.254,
    "AUTHENTICATION_USD": 0.0452,
    "UTILITY_INR": 2.58289,
    "UTILITY_USD": 0.03585,
    "SERVICE_INR": 0.0,
    "SERVICE_USD": 0.0
  },
  {
    "Country": "Switzerland",
    "MARKETING_INR": 5.097,
    "MARKETING_USD": 0.0708,
    "AUTHENTICATION_INR": 3.254,
    "AUTHENTICATION_USD": 0.0452,
    "UTILITY_INR": 2.58289,
    "UTILITY_USD": 0.03585,
    "SERVICE_INR": 0.0,
    "SERVICE_USD": 0.0
  },
  {
    "Country": "Taiwan",
    "MARKETING_INR": 6.306,
    "MARKETING_USD": 0.0876,
    "AUTHENTICATION_INR": 3.657,
    "AUTHENTICATION_USD": 0.0508,
    "UTILITY_INR": 1.35243,
    "UTILITY_USD": 0.0188,
    "SERVICE_INR": 0.0,
    "SERVICE_USD": 0.0
  },
  {
    "Country": "Tajikistan",
    "MARKETING_INR": 6.306,
    "MARKETING_USD": 0.0876,
    "AUTHENTICATION_INR": 3.657,
    "AUTHENTICATION_USD": 0.0508,
    "UTILITY_INR": 1.35243,
    "UTILITY_USD": 0.0188,
    "SERVICE_INR": 0.0,
    "SERVICE_USD": 0.0
  },
  {
    "Country": "Thailand",
    "MARKETING_INR": 6.306,
    "MARKETING_USD": 0.0876,
    "AUTHENTICATION_INR": 3.657,
    "AUTHENTICATION_USD": 0.0508,
    "UTILITY_INR": 1.35243,
    "UTILITY_USD": 0.0188,
    "SERVICE_INR": 0.0,
    "SERVICE_USD": 0.0
  },
  {
    "Country": "Togo",
    "MARKETING_INR": 1.938,
    "MARKETING_USD": 0.0269,
    "AUTHENTICATION_INR": 1.24101,
    "AUTHENTICATION_USD": 0.0172,
    "UTILITY_INR": 0.52547,
    "UTILITY_USD": 0.00729,
    "SERVICE_INR": 0.0,
    "SERVICE_USD": 0.0
  },
  {
    "Country": "Tunisia",
    "MARKETING_INR": 1.938,
    "MARKETING_USD": 0.0269,
    "AUTHENTICATION_INR": 1.24101,
    "AUTHENTICATION_USD": 0.0172,
    "UTILITY_INR": 0.52547,
    "UTILITY_USD": 0.00729,
    "SERVICE_INR": 0.0,
    "SERVICE_USD": 0.0
  },
  {
    "Country": "Turkey",
    "MARKETING_INR": 0.939,
    "MARKETING_USD": 0.013,
    "AUTHENTICATION_INR": 0.717,
    "AUTHENTICATION_USD": 0.01,
    "UTILITY_INR": 0.45637,
    "UTILITY_USD": 0.00634,
    "SERVICE_INR": 0.0,
    "SERVICE_USD": 0.0
  },
  {
    "Country": "Turkmenistan",
    "MARKETING_INR": 6.306,
    "MARKETING_USD": 0.0876,
    "AUTHENTICATION_INR": 3.657,
    "AUTHENTICATION_USD": 0.0508,
    "UTILITY_INR": 1.35243,
    "UTILITY_USD": 0.0188,
    "SERVICE_INR": 0.0,
    "SERVICE_USD": 0.0
  },
  {
    "Country": "Uganda",
    "MARKETING_INR": 1.938,
    "MARKETING_USD": 0.0269,
    "AUTHENTICATION_INR": 1.24101,
    "AUTHENTICATION_USD": 0.0172,
    "UTILITY_INR": 0.52547,
    "UTILITY_USD": 0.00729,
    "SERVICE_INR": 0.0,
    "SERVICE_USD": 0.0
  },
  {
    "Country": "Ukraine",
    "MARKETING_INR": 7.402,
    "MARKETING_USD": 0.1028,
    "AUTHENTICATION_INR": 4.795,
    "AUTHENTICATION_USD": 0.06661,
    "UTILITY_INR": 3.03832,
    "UTILITY_USD": 0.04219,
    "SERVICE_INR": 0.0,
    "SERVICE_USD": 0.0
  },
  {
    "Country": "United Arab Emirates",
    "MARKETING_INR": 3.30927,
    "MARKETING_USD": 0.04589,
    "AUTHENTICATION_INR": 1.531,
    "AUTHENTICATION_USD": 0.0213,
    "UTILITY_INR": 1.35231,
    "UTILITY_USD": 0.01877,
    "SERVICE_INR": 0.0,
    "SERVICE_USD": 0.0
  },
  {
    "Country": "United Kingdom",
    "MARKETING_INR": 4.55277,
    "MARKETING_USD": 0.06322,
    "AUTHENTICATION_INR": 3.084,
    "AUTHENTICATION_USD": 0.0428,
    "UTILITY_INR": 1.89434,
    "UTILITY_USD": 0.02629,
    "SERVICE_INR": 0.0,
    "SERVICE_USD": 0.0
  },
  {
    "Country": "United States",
    "MARKETING_INR": 2.152,
    "MARKETING_USD": 0.0299,
    "AUTHENTICATION_INR": 1.162,
    "AUTHENTICATION_USD": 0.0161,
    "UTILITY_INR": 0.34428,
    "UTILITY_USD": 0.00479,
    "SERVICE_INR": 0.0,
    "SERVICE_USD": 0.0
  },
  {
    "Country": "Uruguay",
    "MARKETING_INR": 6.369,
    "MARKETING_USD": 0.0885,
    "AUTHENTICATION_INR": 3.828,
    "AUTHENTICATION_USD": 0.0532,
    "UTILITY_INR": 0.97267,
    "UTILITY_USD": 0.01351,
    "SERVICE_INR": 0.0,
    "SERVICE_USD": 0.0
  },
  {
    "Country": "Uzbekistan",
    "MARKETING_INR": 6.306,
    "MARKETING_USD": 0.0876,
    "AUTHENTICATION_INR": 3.657,
    "AUTHENTICATION_USD": 0.0508,
    "UTILITY_INR": 1.35243,
    "UTILITY_USD": 0.0188,
    "SERVICE_INR": 0.0,
    "SERVICE_USD": 0.0
  },
  {
    "Country": "Vietnam",
    "MARKETING_INR": 6.306,
    "MARKETING_USD": 0.0876,
    "AUTHENTICATION_INR": 3.657,
    "AUTHENTICATION_USD": 0.0508,
    "UTILITY_INR": 1.35243,
    "UTILITY_USD": 0.0188,
    "SERVICE_INR": 0.0,
    "SERVICE_USD": 0.0
  },
  {
    "Country": "Yemen",
    "MARKETING_INR": 2.937,
    "MARKETING_USD": 0.0408,
    "AUTHENTICATION_INR": 1.531,
    "AUTHENTICATION_USD": 0.0213,
    "UTILITY_INR": 1.35208,
    "UTILITY_USD": 0.01877,
    "SERVICE_INR": 0.0,
    "SERVICE_USD": 0.0
  },
  {
    "Country": "Zambia",
    "MARKETING_INR": 1.938,
    "MARKETING_USD": 0.0269,
    "AUTHENTICATION_INR": 1.24101,
    "AUTHENTICATION_USD": 0.0172,
    "UTILITY_INR": 0.52547,
    "UTILITY_USD": 0.00729,
    "SERVICE_INR": 0.0,
    "SERVICE_USD": 0.0
  },
  {
    "Country": "Tanzania",
    "MARKETING_INR": 1.938,
    "MARKETING_USD": 0.0269,
    "AUTHENTICATION_INR": 2.61901,
    "AUTHENTICATION_USD": 0.0364,
    "UTILITY_INR": 0.66282,
    "UTILITY_USD": 0.00921,
    "SERVICE_INR": 0.0,
    "SERVICE_USD": 0.0
  },
  {
    "Country": "Swaziland",
    "MARKETING_INR": 1.938,
    "MARKETING_USD": 0.0269,
    "AUTHENTICATION_INR": 2.61901,
    "AUTHENTICATION_USD": 0.0364,
    "UTILITY_INR": 0.66282,
    "UTILITY_USD": 0.00921,
    "SERVICE_INR": 0.0,
    "SERVICE_USD": 0.0
  },
  {
    "Country": "North Macedonia",
    "MARKETING_INR": 7.402,
    "MARKETING_USD": 0.1028,
    "AUTHENTICATION_INR": 4.795,
    "AUTHENTICATION_USD": 0.06661,
    "UTILITY_INR": 3.03832,
    "UTILITY_USD": 0.04219,
    "SERVICE_INR": 0.0,
    "SERVICE_USD": 0.0
  },
  {
    "Country": "Dominican Republic",
    "MARKETING_INR": 6.369,
    "MARKETING_USD": 0.0885,
    "AUTHENTICATION_INR": 3.828,
    "AUTHENTICATION_USD": 0.0532,
    "UTILITY_INR": 0.97267,
    "UTILITY_USD": 0.01351,
    "SERVICE_INR": 0.0,
    "SERVICE_USD": 0.0
  },
  {
    "Country": "Jamaica",
    "MARKETING_INR": 6.369,
    "MARKETING_USD": 0.0885,
    "AUTHENTICATION_INR": 3.828,
    "AUTHENTICATION_USD": 0.0532,
    "UTILITY_INR": 0.97267,
    "UTILITY_USD": 0.01351,
    "SERVICE_INR": 0.0,
    "SERVICE_USD": 0.0
  },
  {
    "Country": "Ivory Coast",
    "MARKETING_INR": 1.938,
    "MARKETING_USD": 0.0269,
    "AUTHENTICATION_INR": 2.61901,
    "AUTHENTICATION_USD": 0.0364,
    "UTILITY_INR": 0.66282,
    "UTILITY_USD": 0.00921,
    "SERVICE_INR": 0.0,
    "SERVICE_USD": 0.0
  },
  {
    "Country": "All other countries",
    "MARKETING_INR": 5.199,
    "MARKETING_USD": 0.0722,
    "AUTHENTICATION_INR": 2.61901,
    "AUTHENTICATION_USD": 0.0364,
    "UTILITY_INR": 0.66282,
    "UTILITY_USD": 0.00921,
    "SERVICE_INR": 0.0,
    "SERVICE_USD": 0.0
  }
]